{
	"basket" : {
		"buy" : "Купить",
		"basket" : "корзина",
		"empty" : "в корзине нет товаров",
		"go_basket" : "перейти в корзину",
		"go_next" : "продолжить покупки",
		"product_added" : "товар добавлен в корзину!",
		"product_id" : "ID",
		"product_name" : "Название товара",
		"product_price" : "цена",
		"product_count" : "Количество",
		"product_summ" : "Сумма",
		"product_cost" : "Стоимость",
		"product_delete" : "удалить",
		"total" : "Итого",
		"profile" : "Личные данные",
		"delivery" : "Доставка",
		"delivery_cost" : "Стоимость доставки",
		"comment" : "Комментарий",
		"order" : "Оформить заказ",
		"orders" : "Статистика заказов",
		"order_name" : "Заказ",
		"order_from" : "от",
		"order_status" : "статус",
		"order_date" : "дата",
		"view_order" : "посмотреть заказ на сайте"	},
	"calendar" : {
		"year" : "год",
		"y" : "г.",
		"month" : "месяц",
		"m" : "m.",
		"day" : "день",
		"d" : "д.",
		"month_01" : "январь",
		"month_02" : "февраль",
		"month_03" : "март",
		"month_04" : "апрель",
		"month_05" : "май",
		"month_06" : "июнь",
		"month_07" : "июль",
		"month_08" : "август",
		"month_09" : "сенябрь",
		"month_10" : "октябрь",
		"month_11" : "ноябрь",
		"month_12" : "декабрь",
		"month2_01" : "января",
		"month2_02" : "февраля",
		"month2_03" : "марта",
		"month2_04" : "апреля",
		"month2_05" : "мая",
		"month2_06" : "июня",
		"month2_07" : "июля",
		"month2_08" : "августа",
		"month2_09" : "сенября",
		"month2_10" : "октября",
		"month2_11" : "ноября",
		"month2_12" : "декабря",
		"mth_01" : "янв",
		"mth_02" : "фев",
		"mth_03" : "мар",
		"mth_04" : "апр",
		"mth_05" : "май",
		"mth_06" : "июн",
		"mth_07" : "июл",
		"mth_08" : "авг",
		"mth_09" : "сен",
		"mth_10" : "окт",
		"mth_11" : "ноя",
		"mth_12" : "дек",
		"day_1" : "понедельник",
		"day_2" : "вторник",
		"day_3" : "среда",
		"day_4" : "четверг",
		"day_5" : "пятница",
		"day_6" : "субота",
		"day_7" : "воскресенье",
		"d_1" : "пн",
		"d_2" : "вт",
		"d_3" : "ср",
		"d_4" : "чт",
		"d_5" : "пт",
		"d_6" : "сб",
		"d_7" : "вс"	},
	"common" : {
		"site_name" : "Интернет магазин",
		"script_head" : "",
		"script_body_start" : "",
		"script_body_end" : "",
		"txt_head" : "Добро рапрапр пожаловать!<br />Это демо-версия интернет-магазина",
		"txt_index" : "Тут можно разместить любой текст&nbsp;<br /> <br />для входа в админпанель перейдите <a href=\"/admin.php\">по ссылке</a> <br />логин test <br />пароль test",
		"info" : "<h4>Информация</h4>",
		"social" : "<h4>Подпишитесь на наши обновления</h4>    <ul>     <li><a href=\"http://www.facebook.com/\"><img class=\"social_icon\" src=\"/templates/images/socicon-custom/facebook.png\"/>Facebook</a></li>     <li><a href=\"http://www.youtube.ru/\"><img class=\"social_icon\" src=\"/templates/images/socicon-custom/youtube.png\"/>YouTube</a></li>     <li><a href=\"http://www.vk.com/\"><img class=\"social_icon\" src=\"/templates/images/socicon-custom/vkontakte.png\"/>Вконтакте</a></li>     <li><a href=\"http://www.twitter.com/\"><img class=\"social_icon\" src=\"/templates/images/socicon-custom/twitter.png\"/>Twitter</a></li>    </ul>",
		"txt_footer" : "<h4>Контакты</h4>г Москва, ул. Строителей, д. 5<br>т. 123-456-789<br><br>abc-cms.com &copy; {Y}",
		"str_no_page_name" : "страница не найдена",
		"txt_no_page_text" : "<p>запрашиваемая страница не найдена</p>",
		"wrd_more" : "подробнее",
		"msg_no_results" : "по данному запросу нет резальтатов",
		"wrd_no_photo" : "нет фото",
		"breadcrumb_index" : "Главная",
		"breadcrumb_separator" : " - ",
		"make_selection" : "сделайте выбор",
		"pagination_prev" : "&#171;",
		"pagination_next" : "&#187;",
		"pagination_count_all" : "все",
		"letter_top" : "Текст в шапке письма",
		"letter_footer" : "Текст в подвале письма"	},
	"feedback" : {
		"name" : "Ваше имя",
		"email" : "Email",
		"text" : "Сообщение",
		"send" : "Отправить",
		"attach" : "Прикрепить файл",
		"message_is_sent" : "сообщение успешно отправлено!"	},
	"market" : {
		"name" : "Магазин",
		"company" : "Интернет магазин товаров",
		"currency" : "RUR"	},
	"order" : {
		"payments" : "Оплата",
		"pay" : "оплатить",
		"paid" : "оплачен",
		"not_paid" : "не оплачен",
		"success" : "успешная оплата",
		"fail" : "отказ от оплаты"	},
	"profile" : {
		"hello" : "Здравствуйте",
		"link" : "личный кабинет",
		"user_edit" : "Личные данные",
		"exit" : "выйти",
		"email" : "Еmail",
		"password" : "Пароль",
		"password2" : "Подтвердите пароль",
		"new_password" : "Новый пароль",
		"save" : "Сохранить",
		"registration" : "Регистрация",
		"enter" : "Войти",
		"remember_me" : "запомнить меня",
		"auth" : "Авторизация",
		"remind" : "забыли пароль?",
		"successful_registration" : "Регистрация прошла успешно!",
		"successful_auth" : "Вы авторизированы",
		"error_auth" : "Логин и пароль не совпадают!",
		"msg_exit" : "Вы вышли",
		"go_to_profile" : "перейти в профиль",
		"remind_button" : "Отправить письмо",
		"successful_remind" : "На указанный email отправлено письмо по восстановлению пароля!"	},
	"shop" : {
		"catalog" : "Каталог",
		"new" : "Новинки",
		"brand" : "Производитель",
		"article" : "Артикул",
		"parameters" : "Параметры",
		"price" : "цена",
		"currency" : "руб.",
		"product_random" : "Случайный товар",
		"filter_button" : "Найти",
		"reviews" : "Отзывы",
		"review_add" : "Оставить отзыв",
		"review_name" : "Имя",
		"review_email" : "Email",
		"review_text" : "Отзыв",
		"review_send" : "Отправить",
		"review_is_sent" : "Ваш отзыв добавлен!"	},
	"subscribe" : {
		"top" : "Текст в шапке рассылки",
		"bottom" : "Текст в подвале рассылки",
		"letter_failure_str" : "Если вы хотите отписаться от рассылки нажмите на ",
		"letter_failure_link" : "ссылку",
		"on_button" : "Подписаться",
		"on_success" : "Вы успешно подписаны",
		"failure_text" : "Подтвердите, что хотите отписаться",
		"failure_button" : "Отписаться",
		"failure_success" : "Вы отписаны"	},
	"validate" : {
		"no_required_fields" : "Не все обязательные поля заполнены!",
		"short_login" : "Логин слишком короткий!",
		"not_valid_login" : "Не корректный логин!",
		"not_valid_email" : "Не корректный email!",
		"not_valid_password" : "Минимальная длина пароля 5 символов!",
		"not_valid_captcha" : "Неверный код подтверждения!",
		"not_valid_captcha2" : "Для отправки сообщения включите скрипты!",
		"error_email" : "Произошла ошибка с отправлением письма, если это повторится, сообщите администартору ottofonf@gmail.ru",
		"no_email" : "Данный E-mail не закреплён ни за одним пользователем!",
		"duplicate_login" : "Такой логин уже есть в базе!",
		"duplicate_email" : "Такой email уже есть в базе!",
		"not_match_passwords" : "Пароли не совпадают!"	}}